State,Provider Name,City,County,MDS Census,RN Hours,LPN Hours,CNA Hours,Total Care Staffing Hours,Avg Total Staffing HPRD,Avg RN Staffing HPRD
NY,A HOLLY PATTERSON EXTENDED CARE FACILITY,UNIONDALE,Nassau,460.6,138.6,134.6,484.8,758.0,1.6,0.3
NY,AARON MANOR REHABILITATION AND NURSING CENTER,FAIRPORT,Monroe,131.0,32.7,104.7,263.3,400.7,3.1,0.2
NY,ABSOLUT CTR FOR NURSING & REHAB ALLEGANY L L C,ALLEGANY,Cattaraugus,36.7,19.7,26.2,60.6,106.5,2.9,0.5
NY,ABSOLUT CTR FOR NURSING & REHAB AURORA PARK L L C,EAST AURORA,Erie,310.2,86.0,287.4,603.7,977.2,3.2,0.3
NY,ABSOLUT CTR FOR NURSING & REHAB ENDICOTT L L C,ENDICOTT,Broome,152.2,39.7,145.0,318.8,503.5,3.3,0.3
NY,ABSOLUT CTR FOR NURSING & REHAB GASPORT L L C,GASPORT,Niagara,78.9,19.5,81.1,135.1,235.7,3.0,0.2
NY,ABSOLUT CTR FOR NURSING & REHAB THREE RIVERS L L C,PAINTED POST,Steuben,113.3,37.4,85.2,183.4,306.0,2.7,0.3
NY,ABSOLUT CTR FOR NURSING & REHAB WESTFIELD L L C,WESTFIELD,Chautauqua,111.9,42.6,97.8,180.1,320.5,2.9,0.4
NY,ACADIA CENTER FOR NURSING AND REHABILITATION,RIVERHEAD,Suffolk,133.7,57.0,150.7,281.2,488.9,3.7,0.4
NY,ACHIEVE REHAB AND NURSING FACILITY,LIBERTY,Sullivan,133.8,35.8,99.4,275.2,410.4,3.1,0.3
NY,ADIRA AT RIVERSIDE REHABILITATION AND NURSING,YONKERS,Westchester,108.3,98.6,78.7,250.1,427.4,3.9,0.9
NY,AFFINITY SKILLED LIVING AND REHABILITATION CENTER,OAKDALE,Suffolk,268.9,181.6,226.4,516.7,924.7,3.4,0.7
NY,ALICE HYDE MEDICAL CENTER,MALONE,Franklin,127.9,45.4,95.7,290.0,431.1,3.4,0.4
NY,ALPINE REHABILITATION AND NURSING CENTER,LITTLE FALLS,Herkimer,70.5,38.7,62.6,158.4,259.6,3.7,0.5
NY,AMSTERDAM NURSING HOME CORP (1992),NEW YORK,New York,398.2,271.5,126.1,1098.1,1495.7,3.8,0.7
NY,ANDRUS ON HUDSON,HASTINGS ON HUDSON,Westchester,193.6,66.8,135.1,383.2,585.0,3.0,0.3
NY,APEX REHABILITATION & CARE CENTER,HUNTINGTON STATION,Suffolk,180.7,47.3,83.3,395.7,526.3,2.9,0.3
NY,ATRIUM CENTER FOR REHABILITATION AND NURSING,BROOKLYN,Kings,370.6,6.0,279.4,735.4,1020.8,2.8,0.0
NY,AUBURN REHABILITATION & NURSING CENTER,AUBURN,Cayuga,65.0,41.2,64.6,153.0,258.7,4.0,0.6
NY,AURELIA OSBORN FOX MEMORIAL HOSPITAL,ONEONTA,Otsego,125.3,40.6,100.4,287.6,428.6,3.4,0.3
NY,AUTUMN VIEW HEALTH CARE FACILITY L L C,HAMBURG,Erie,221.7,82.5,271.0,491.2,844.6,3.8,0.4
NY,AVON NURSING HOME L L C,AVON,Livingston,37.0,14.8,25.0,70.8,110.6,3.0,0.4
NY,BAINBRIDGE NURSING & REHABILITATION CENTER,BRONX,Bronx,195.1,66.5,119.7,407.5,593.7,3.0,0.3
NY,BAPTIST HEALTH NURSING AND REHABILITATION CENTER,SCOTIA,Schenectady,230.8,44.7,237.1,523.4,805.2,3.5,0.2
NY,BAYBERRY NURSING HOME,NEW ROCHELLE,Westchester,51.6,20.4,39.8,142.4,202.6,3.9,0.4
NY,BEACH GARDENS REHAB AND NURSING CENTER,FAR ROCKAWAY,Queens,141.5,60.2,90.3,348.2,498.6,3.5,0.4
NY,BEACH TERRACE CARE CENTER,LONG BEACH,Nassau,171.9,59.4,110.5,310.8,480.7,2.8,0.3
NY,BEACON REHABILITATION AND NURSING CENTER,ROCKAWAY PARK,Queens,115.5,40.6,91.2,247.3,379.1,3.3,0.4
NY,BEDFORD CENTER FOR NURSING AND REHABILITATION,BROOKLYN,Kings,191.6,118.7,142.2,544.3,805.2,4.2,0.6
NY,BEECHTREE CENTER FOR REHABILITATION AND NURSING,ITHACA,Tompkins,105.5,54.6,72.5,228.7,355.9,3.4,0.5
NY,BEECHWOOD HOMES,GETZVILLE,Erie,260.4,125.1,250.4,658.5,1034.0,4.0,0.5
NY,BELAIR CARE CENTER INC,BELLMORE,Nassau,97.6,82.6,87.8,229.4,399.8,4.1,0.8
NY,BELLHAVEN CENTER FOR REHAB AND NURSING CARE,BROOKHAVEN,Suffolk,226.8,58.7,181.7,484.2,724.6,3.2,0.3
NY,BERKSHIRE NURSING & REHABILITATION CENTER,WEST BABYLON,Suffolk,152.9,11.3,116.2,314.0,441.5,2.9,0.1
NY,BETH ABRAHAM CENTER FOR REHABILITATION AND NURSING,BRONX,Bronx,438.8,144.2,455.3,1043.7,1643.1,3.7,0.3
NY,BETHANY GARDENS SKILLED LIVING CENTER,ROME,Oneida,96.2,19.4,62.9,211.7,294.0,3.1,0.2
NY,BETHANY NURSING HOME & HEALTH RELATED FACILITY INC,HORSEHEADS,Chemung,111.0,44.6,109.0,234.7,388.3,3.5,0.4
NY,BETHEL NURSING & REHABILITATION CENTER,CROTON ON HUDSON,Westchester,160.3,62.5,81.9,330.0,474.4,3.0,0.4
NY,BETHEL NURSING HOME COMPANY INC,OSSINING,Westchester,39.7,26.1,17.1,75.3,118.5,3.0,0.7
NY,BETHLEHEM COMMONS CARE CENTER,DELMAR,Albany,93.7,4.9,116.2,164.8,285.9,3.1,0.1
NY,"BETSY ROSS REHABILITATION CENTER, INC",ROME,Oneida,112.2,28.3,85.2,215.2,328.7,2.9,0.3
NY,BEZALEL REHABILITATION AND NURSING CENTER,FAR ROCKAWAY,Queens,115.4,44.8,58.1,253.6,356.5,3.1,0.4
NY,BISHOP REHABILITATION AND NURSING CENTER,SYRACUSE,Onondaga,370.3,157.9,357.2,922.1,1437.1,3.9,0.4
NY,BORO PARK CENTER FOR REHABILITATION AND HEALTHCARE,BROOKLYN,Kings,496.1,356.0,333.3,1248.9,1938.1,3.9,0.7
NY,BRIARCLIFF MANOR CENTER FOR REHAB AND NURSING CARE,BRIARCLIFF MANOR,Westchester,99.3,0.0,117.9,196.3,314.2,3.2,0.0
NY,BRIDGE VIEW NURSING HOME,WHITESTONE,Queens,196.5,0.0,0.0,406.0,406.0,2.1,0.0
NY,BRIDGEWATER CENTER FOR REHAB & NURSING L L C,BINGHAMTON,Broome,304.5,87.2,247.5,675.3,1010.0,3.3,0.3
NY,BRIGHTON MANOR,ROCHESTER,Monroe,61.4,1.1,55.4,117.3,173.8,2.8,0.0
NY,BRONX CENTER FOR REHABILITATION & HEALTH CARE,BRONX,Bronx,200.9,78.7,189.6,478.2,746.5,3.7,0.4
NY,BRONX GARDENS REHABILITATION AND NURSING CENTER,BRONX,Bronx,192.2,90.7,124.9,433.9,649.5,3.4,0.5
NY,BRONX PARK REHABILITATION & NURSING CENTER,BRONX,Bronx,225.9,44.6,143.6,436.8,625.0,2.8,0.2
NY,BRONXCARE SPECIAL CARE CENTER,BRONX,Bronx,232.8,86.1,126.8,490.5,703.4,3.0,0.4
NY,BROOKHAVEN HEALTH CARE FACILITY L L C,EAST PATCHOGUE,Suffolk,152.9,221.0,86.6,362.0,669.6,4.4,1.4
NY,BROOKHAVEN REHAB & HEALTH CARE CENTER L L C,FAR ROCKAWAY,Queens,294.9,172.3,44.5,520.6,737.3,2.5,0.6
NY,BROOKLYN CTR FOR REHAB AND RESIDENTIAL HEALTH CARE,BROOKLYN,Kings,170.5,71.3,127.5,378.7,577.5,3.4,0.4
NY,BROOKLYN GARDENS NURSING & REHABILITATION CENTER,BROOKLYN,Kings,230.9,63.6,198.3,495.4,757.3,3.3,0.3
NY,BROOKLYN QUEENS NURSING HOME,BROOKLYN,Kings,126.5,9.2,85.8,285.9,380.9,3.0,0.1
NY,BROOKLYN UNITED METHODIST CHURCH HOME,BROOKLYN,Kings,116.1,32.9,70.3,216.5,319.7,2.8,0.3
NY,BROOKSIDE MULTICARE NURSING CENTER,SMITHTOWN,Suffolk,336.2,121.9,236.4,699.3,1057.6,3.1,0.4
NY,BROTHERS OF MERCY NURSING & REHABILITATION CENTER,CLARENCE,Erie,232.3,79.7,223.1,606.8,909.6,3.9,0.3
NY,BUENA VIDA CONTINUING CARE & REHAB CENTER,BROOKLYN,Kings,220.0,55.6,174.5,511.1,741.2,3.4,0.3
NY,BUFFALO CENTER FOR REHABILITATION AND NURSING,BUFFALO,Erie,186.2,66.4,140.8,368.9,576.2,3.1,0.4
NY,BUFFALO COMMUNITY HEALTHCARE CENTER,BUFFALO,Erie,92.8,26.5,85.0,183.8,295.4,3.2,0.3
NY,BUSHWICK CENTER FOR REHABILITATION AND HEALTH CARE,BROOKLYN,Kings,227.7,135.9,189.4,736.1,1061.5,4.7,0.6
NY,CAMPBELL HALL REHABILITATION CENTER INC,CAMPBELL HALL,Orange,112.5,19.2,92.3,151.8,263.2,2.3,0.2
NY,CANTERBURY WOODS,WILLIAMSVILLE,Erie,43.7,20.7,36.0,118.1,174.9,4.0,0.5
NY,CAPSTONE CENTER FOR REHABILITATION AND NURSING,AMSTERDAM,Montgomery,117.9,40.5,95.2,234.0,369.7,3.1,0.3
NY,CARILLON NURSING AND REHABILITATION CENTER,HUNTINGTON,Suffolk,280.0,245.5,137.1,613.4,996.0,3.6,0.9
NY,CARING FAMILY NURSING AND REHABILITATION CENTER,FAR ROCKAWAY,Queens,178.5,86.0,46.5,305.5,438.0,2.5,0.5
NY,CARMEL RICHMOND HEALTHCARE AND REHAB CENTER,STATEN ISLAND,Richmond,288.1,138.3,149.5,616.6,904.4,3.1,0.5
NY,CARTHAGE CENTER FOR REHABILITATION AND NURSING,CARTHAGE,Jefferson,84.9,40.3,77.2,159.8,277.2,3.3,0.5
NY,CASA PROMESA,BRONX,Bronx,99.9,21.0,93.0,171.1,285.0,2.9,0.2
NY,"CATON PARK REHAB AND NURSING CENTER, L L C",BROOKLYN,Kings,112.8,47.4,63.3,231.7,342.4,3.0,0.4
NY,CATSKILL REGIONAL MEDICAL CENTER,HARRIS,Sullivan,54.3,48.4,40.9,141.0,230.3,4.2,0.9
NY,CAYUGA NURSING AND REHABILITATION CENTER,ITHACA,Tompkins,113.7,46.9,77.9,220.4,345.2,3.0,0.4
NY,CEDAR MANOR NURSING & REHABILITATION CENTER,OSSINING,Westchester,138.7,105.2,43.2,274.4,422.8,3.0,0.8
NY,CENTRAL ISLAND HEALTHCARE,PLAINVIEW,Nassau,225.3,53.4,151.9,432.7,638.0,2.8,0.2
NY,CENTRAL PARK REHABILITATION AND NURSING CENTER,SYRACUSE,Onondaga,158.1,37.8,161.5,325.2,524.4,3.3,0.2
NY,CHAMPLAIN VALLEY PHYSICIANS HOSP MED CTR S N F,PLATTSBURGH,Clinton,34.7,44.8,34.4,96.3,175.5,5.1,1.3
NY,CHAPIN HOME FOR THE AGING,JAMAICA,Queens,164.9,74.0,125.6,393.7,593.3,3.6,0.4
NY,CHARLES T SITRIN HEALTH CARE CENTER INC,NEW HARTFORD,Oneida,175.0,39.0,242.2,433.2,714.4,4.1,0.2
NY,CHASEHEALTH REHAB AND RESIDENTIAL CARE,NEW BERLIN,Chenango,71.6,25.4,51.9,125.0,202.2,2.8,0.4
NY,CHAUTAUQUA NURSING AND REHABILITATION CENETER,DUNKIRK,Chautauqua,204.7,77.1,173.7,373.7,624.5,3.1,0.4
NY,CHEMUNG COUNTY HEALTH CENTER - NURSING FACILITY,ELMIRA,Chemung,181.5,93.0,181.3,397.1,671.4,3.7,0.5
NY,CHENANGO MEMORIAL HOSPITAL INC S N F,NORWICH,Chenango,56.2,14.7,61.2,117.5,193.3,3.4,0.3
NY,CHESTNUT PARK REHABILITATION AND NURSING CENTER,ONEONTA,Otsego,78.1,29.4,90.3,138.3,258.0,3.3,0.4
NY,CHURCH HOME OF THE PROTESTANT EPISCOPAL CHURCH,ROCHESTER,Monroe,157.8,71.7,167.6,395.6,634.9,4.0,0.5
NY,CLIFFSIDE REHAB & RESIDENTIAL HEALTH CARE CENTER,FLUSHING,Queens,212.4,173.7,189.1,525.2,888.0,4.2,0.8
NY,CLIFTON SPRINGS HOSPITAL AND CLINIC EXTENDED CARE,CLIFTON SPRINGS,Ontario,100.5,56.8,134.5,252.2,443.4,4.4,0.6
NY,CLINTON COUNTY NURSING HOME,PLATTSBURGH,Clinton,69.9,34.3,66.6,156.7,257.6,3.7,0.5
NY,"CLOVE LAKES HEALTH CARE AND REHAB CENTER, INC",STATEN ISLAND,Richmond,429.2,313.6,242.8,1024.3,1580.7,3.7,0.7
NY,COBBLE HILL HEALTH CENTER INC,BROOKLYN,Kings,358.4,180.4,143.1,793.3,1116.8,3.1,0.5
NY,COLD SPRING HILLS CENTER FOR NURSING AND REHAB,WOODBURY,Nassau,555.0,259.3,411.3,1356.3,2026.9,3.7,0.5
NY,COLER REHABILITATION AND NURSING CARE CENTER,ROOSEVELT ISLAND,New York,531.0,441.4,310.2,1459.2,2210.8,4.2,0.8
NY,COLONIAL PARK REHABILITATION AND NURSING CENTER,ROME,Oneida,71.7,19.8,60.4,109.3,189.5,2.6,0.3
NY,COMPREHENSIVE REHAB & NURSING CTR AT WILLIAMSVILLE,WILLIAMSVILLE,Erie,137.7,44.7,122.4,289.3,456.4,3.3,0.3
NY,CONCORD NURSING AND REHABILITATION CENTER,BROOKLYN,Kings,135.2,77.9,100.7,328.5,507.0,3.8,0.6
NY,CONCOURSE REHABILITATION AND NURSING CENTER INC,BRONX,Bronx,240.2,50.6,122.4,465.6,638.7,2.7,0.2
NY,CONESUS LAKE NURSING HOME,LIVONIA,Livingston,40.7,5.6,30.0,95.6,131.2,3.2,0.1
NY,COOPERSTOWN CENTER FOR REHABILITATION AND NURSING,COOPERSTOWN,Otsego,176.5,97.1,192.6,446.3,735.9,4.2,0.5
NY,CORNING CENTER FOR REHABILITATION AND HEALTHCARE,CORNING,Steuben,110.2,45.2,113.6,230.3,389.1,3.5,0.4
NY,CORTLAND PARK REHABILITATION AND NURSING CENTER,CORTLAND,Cortland,113.3,26.6,102.5,233.3,362.4,3.2,0.2
NY,CORTLANDT HEALTHCARE,CORTLANDT MANOR,Westchester,109.6,35.2,104.7,240.0,379.9,3.5,0.3
NY,CREEKVIEW NURSING AND REHAB CENTER,ROCHESTER,Monroe,123.7,35.1,130.0,233.6,398.6,3.2,0.3
NY,CREST MANOR LIVING AND REHABILITATION CENTER,FAIRPORT,Monroe,78.8,46.2,68.1,177.8,292.1,3.7,0.6
NY,CROUSE COMMUNITY CENTER INC,MORRISVILLE,Madison,113.5,58.5,89.1,304.9,452.5,4.0,0.5
NY,CROWN HEIGHTS CENTER FOR NURSING AND REHAB,BROOKLYN,Kings,287.7,100.8,190.6,677.0,968.4,3.4,0.4
NY,CROWN PARK REHABILITATION AND NURSING CENTER,CORTLAND,Cortland,176.9,74.9,102.1,357.7,534.7,3.0,0.4
NY,CUBA MEMORIAL HOSPITAL INC S N F,CUBA,Allegany,49.1,18.1,42.8,94.0,154.9,3.2,0.4
NY,CYPRESS GARDEN CENTER FOR NURSING AND REHAB,FLUSHING,Queens,253.8,153.9,58.0,516.5,728.4,2.9,0.6
NY,DALEVIEW CARE CENTER,EAST FARMINGDALE,Nassau,119.2,67.2,105.0,284.8,457.0,3.8,0.6
NY,DAUGHTERS OF SARAH NURSING CENTER,ALBANY,Albany,203.2,20.6,208.3,502.3,731.1,3.6,0.1
NY,DEGRAFF MEMORIAL HOSPITAL-SKILLED NURSING FACILITY,NORTH TONAWANDA,Niagara,77.8,41.8,68.0,166.0,275.9,3.5,0.5
NY,DELHI REHABILITATION AND NURSING CENTER,DELHI,Delaware,104.6,55.0,83.4,182.2,320.5,3.1,0.5
NY,DIAMOND HILL NURSING AND REHABILITATION CENTER,TROY,Rensselaer,112.8,36.9,99.0,154.4,290.3,2.6,0.3
NY,DITMAS PARK CARE CENTER,BROOKLYN,Kings,153.2,95.2,86.9,330.6,512.7,3.3,0.6
NY,DOWNTOWN BROOKLYN NURSING & REHABILITATION CENTER,BROOKLYN,Kings,292.2,206.0,98.2,621.7,926.0,3.2,0.7
NY,DR SUSAN SMITH MCKINNEY NURSING AND REHAB CENTER,BROOKLYN,Kings,310.6,148.4,182.3,771.5,1102.3,3.5,0.5
NY,DUMONT CENTER FOR REHABILITATION AND NURSING CARE,NEW ROCHELLE,Westchester,188.5,88.2,114.3,446.4,648.9,3.4,0.5
NY,DUNKIRK REHABILITATION & NURSING CENTER,DUNKIRK,Chautauqua,33.8,21.5,33.4,62.3,117.1,3.5,0.6
NY,EAST HAVEN NURSING & REHABILITATION CENTER,BRONX,Bronx,191.6,70.5,86.6,382.6,539.7,2.8,0.4
NY,EAST NECK NURSING & REHABILITATION CENTER,WEST BABYLON,Suffolk,270.5,176.1,135.8,541.4,853.3,3.2,0.7
NY,EAST SIDE NURSING HOME,WARSAW,Wyoming,73.7,40.2,84.8,157.3,282.3,3.8,0.5
NY,EASTCHESTER REHABILITATION AND HEALTH CARE CENTER,BRONX,Bronx,187.8,90.4,142.2,437.6,670.2,3.6,0.5
NY,EDDY HERITAGE HOUSE NURSING AND REHABILITATION CTR,TROY,Rensselaer,115.4,41.4,128.0,260.4,429.8,3.7,0.4
NY,EDDY MEMORIAL GERIATRIC CENTER,TROY,Rensselaer,78.6,0.9,89.6,192.1,282.6,3.6,0.0
NY,EDDY VILLAGE GREEN,COHOES,Albany,189.6,64.2,122.9,641.5,828.6,4.4,0.3
NY,EDDY VILLAGE GREEN AT BEVERWYCK,SLINGERLANDS,Albany,23.5,8.2,21.2,75.7,105.1,4.5,0.3
NY,EDEN REHABILITATION NURSING CENTER,EDEN,Erie,36.7,21.4,28.5,74.8,124.7,3.4,0.6
NY,EDNA TINA WILSON LIVING CENTER,ROCHESTER,Monroe,113.4,25.2,118.1,229.7,373.0,3.3,0.2
NY,EGER HEALTH CARE AND REHABILITATION CENTER,STATEN ISLAND,Richmond,355.0,260.7,108.6,871.6,1240.9,3.5,0.7
NY,ELCOR NURSING  AND REHABILITATION CENTER,HORSEHEADS,Chemung,289.4,121.4,248.5,764.2,1134.1,3.9,0.4
NY,ELDERWOOD AT AMHERST,AMHERST,Erie,83.8,48.8,91.0,219.8,359.6,4.3,0.6
NY,ELDERWOOD AT CHEEKTOWAGA,CHEEKTOWAGA,Erie,153.4,59.4,144.4,370.0,573.8,3.7,0.4
NY,ELDERWOOD AT GRAND ISLAND,GRAND ISLAND,Erie,81.3,53.7,71.2,188.4,313.3,3.9,0.7
NY,ELDERWOOD AT HAMBURG,HAMBURG,Erie,141.3,103.2,161.0,240.9,505.1,3.6,0.7
NY,ELDERWOOD AT HORNELL,HORNELL,Steuben,105.4,55.4,89.0,239.6,384.0,3.6,0.5
NY,ELDERWOOD AT LANCASTER,LANCASTER,Erie,92.1,90.9,48.3,199.3,338.5,3.7,1.0
NY,ELDERWOOD AT LIVERPOOL,LIVERPOOL,Onondaga,145.0,58.1,154.2,359.2,571.5,3.9,0.4
NY,ELDERWOOD AT LOCKPORT,LOCKPORT,Niagara,107.6,48.3,120.7,232.2,401.1,3.7,0.4
NY,ELDERWOOD AT NORTH CREEK,NORTH CREEK,Warren,75.9,28.9,47.5,122.2,198.6,2.6,0.4
NY,ELDERWOOD AT TICONDEROGA,TICONDEROGA,Essex,77.9,34.4,54.8,159.7,248.9,3.2,0.4
NY,ELDERWOOD AT WAVERLY,WAVERLY,Tioga,189.0,64.4,152.3,412.0,628.7,3.3,0.3
NY,ELDERWOOD AT WHEATFIELD,NIAGARA FALLS,Niagara,109.2,72.4,95.3,259.5,427.3,3.9,0.7
NY,ELDERWOOD AT WILLIAMSVILLE,WILLIAMSVILLE,Erie,186.2,125.4,176.9,473.1,775.4,4.2,0.7
NY,ELDERWOOD OF LAKESIDE AT BROCKPORT,BROCKPORT,Monroe,107.4,49.2,118.1,251.2,418.5,3.9,0.5
NY,ELDERWOOD OF UIHLEIN AT LAKE PLACID,LAKE PLACID,Essex,101.6,58.9,55.9,172.2,287.0,2.8,0.6
NY,ELIZABETH CHURCH MANOR NURSING HOME,BINGHAMTON,Broome,117.5,12.9,106.4,269.5,388.8,3.3,0.1
NY,ELIZABETH SETON PEDIATRIC CENTER,YONKERS,Westchester,167.1,838.3,45.8,664.0,1548.1,9.3,5.0
NY,ELLICOTT CENTER FOR REHABILITATION AND NURSING,BUFFALO,Erie,153.0,52.5,164.6,341.4,558.5,3.6,0.3
NY,ELLIS RESIDENTIAL & REHABILITATION CENTER,SCHENECTADY,Schenectady,80.3,50.3,76.3,211.1,337.7,4.2,0.6
NY,ELM MANOR NURSING AND REHABILITATION CENTER,CANANDAIGUA,Ontario,43.7,5.3,15.6,50.4,71.3,1.6,0.1
NY,ELMHURST CARE CENTER INC,EAST ELMHURST,Queens,232.7,80.4,113.9,485.3,679.6,2.9,0.3
NY,EMERGE NURSING AND REHABILITATION AT GLEN COVE,GLEN COVE,Nassau,101.3,38.4,98.4,211.3,348.1,3.4,0.4
NY,ESSEX CENTER FOR REHABILITATION AND HEALTHCARE,ELIZABETHTOWN,Essex,95.8,24.3,74.2,187.4,286.0,3.0,0.3
NY,EVERGREEN COMMONS REHABILITATION AND NURSING CTR,EAST GREENBUSH,Rensselaer,240.2,76.3,242.5,525.6,844.3,3.5,0.3
NY,"EXCEL AT WOODBURY FOR REHAB AND NURSING, L L C",WOODBURY,Nassau,112.7,69.4,86.4,258.5,414.3,3.7,0.6
NY,FAIRPORT BAPTIST HOMES,FAIRPORT,Monroe,135.3,18.7,180.0,426.0,624.7,4.6,0.1
NY,FAR ROCKAWAY CENTER FOR REHABILITATION AND NURSING,FAR ROCKAWAY,Queens,98.0,25.8,54.3,151.6,231.6,2.4,0.3
NY,FATHER BAKER MANOR,ORCHARD PARK,Erie,152.2,97.2,127.4,364.0,588.6,3.9,0.6
NY,FERNCLIFF NURSING HOME CO INC,RHINEBECK,Dutchess,306.3,60.5,229.9,702.6,993.0,3.2,0.2
NY,FIDDLERS GREEN MANOR REHAB AND NURSING CENTER,SPRINGVILLE,Erie,73.0,29.2,56.0,87.8,172.9,2.4,0.4
NY,FIELDSTON LODGE CARE CENTER,RIVERDALE,Bronx,182.7,103.3,83.5,332.0,518.8,2.8,0.6
NY,FINGER LAKES CENTER FOR LIVING,AUBURN,Cayuga,75.9,46.1,101.5,182.8,330.3,4.4,0.6
NY,FINGER LAKES HEALTH,GENEVA,Ontario,272.9,89.7,218.2,546.6,854.5,3.1,0.3
NY,FISHKILL CENTER FOR REHABILITATION AND NURSING,BEACON,Dutchess,151.0,43.5,134.8,324.4,502.6,3.3,0.3
NY,FLUSHING HOSPITAL MEDICAL CENTER T C U,FLUSHING,Queens,3.9,5.1,0.0,7.6,12.7,3.3,1.3
NY,FOLTSBROOK CENTER FOR NURSING AND REHABILITATION,HERKIMER,Herkimer,150.3,64.6,154.3,308.4,527.4,3.5,0.4
NY,FORDHAM NURSING AND REHABILITATION CENTER,BRONX,Bronx,224.4,87.2,127.2,423.2,637.6,2.8,0.4
NY,FOREST HILLS CARE CENTER,FOREST HILLS,Queens,94.4,45.4,69.2,194.1,308.7,3.3,0.5
NY,FOREST VIEW CENTER FOR REHABILITATION & NURSING,FOREST HILLS,Queens,161.2,112.1,107.1,386.1,605.2,3.8,0.7
NY,FORT HUDSON NURSING CENTER INC,FORT EDWARD,Washington,193.0,56.6,178.9,477.6,713.1,3.7,0.3
NY,FORT TRYON CENTER FOR REHABILITATION AND NURSING,NEW YORK,New York,196.9,42.4,120.4,393.3,556.1,2.8,0.2
NY,FOUR SEASONS NURSING AND REHABILITATION CENTER,BROOKLYN,Kings,265.1,103.1,167.6,554.9,825.7,3.1,0.4
NY,FOX RUN AT ORCHARD PARK,ORCHARD PARK,Erie,53.3,20.0,45.4,124.6,190.0,3.6,0.4
NY,FRANKLIN CENTER FOR REHABILITATION AND NURSING,FLUSHING,Queens,314.5,130.0,189.4,693.9,1013.3,3.2,0.4
NY,"FRIEDWALD CENTER FOR REHAB AND NURSING, L L C",NEW CITY,Rockland,173.3,124.1,118.2,486.3,728.6,4.2,0.7
NY,FULTON CENTER FOR REHABILITATION AND HEALTHCARE,GLOVERSVILLE,Fulton,173.8,89.5,143.1,362.7,595.2,3.4,0.5
NY,FULTON COMMONS CARE CENTER INC,EAST MEADOW,Nassau,268.8,0.0,0.0,587.1,587.1,2.2,0.0
NY,GARDEN CARE CENTER,FRANKLIN SQUARE,Nassau,137.6,55.8,111.1,302.5,469.5,3.4,0.4
NY,GARDEN GATE HEALTH CARE FACILITY,CHEEKTOWAGA,Erie,178.5,107.4,216.5,361.3,685.2,3.8,0.6
NY,GLEN ARDEN INC,GOSHEN,Orange,33.0,32.3,12.3,72.6,117.1,3.6,1.0
NY,GLEN COVE CENTER FOR NURSING AND REHABILITATION,GLEN COVE,Nassau,146.9,70.1,134.6,321.6,526.3,3.6,0.5
NY,GLEN ISLAND CENTER FOR NURSING AND REHABILITATION,NEW ROCHELLE,Westchester,175.5,97.2,49.7,321.7,468.6,2.7,0.6
NY,GLENDALE HOME-SCHDY CNTY DEPT SOCIAL SERVICES,SCOTIA,Schenectady,197.4,65.8,194.5,399.4,659.7,3.3,0.3
NY,GLENGARIFF HEALTH CARE CENTER,GLEN COVE,Nassau,243.3,105.1,203.9,534.2,843.1,3.5,0.4
NY,GLENS FALLS CENTER FOR REHABILITATION AND NURSING,GLENS FALLS,Warren,114.4,53.6,106.9,219.2,379.7,3.3,0.5
NY,GOLD CREST CARE CENTER,BRONX,Bronx,165.4,37.9,99.5,322.3,459.8,2.8,0.2
NY,GOLDEN GATE REHABILITATION & HEALTH CARE CENTER,STATEN ISLAND,Richmond,219.8,67.3,82.7,437.4,587.4,2.7,0.3
NY,GOLDEN HILL NURSING AND REHABILITATION CENTER,KINGSTON,Ulster,261.5,145.5,305.1,535.0,985.5,3.8,0.6
NY,GOOD SAMARITAN NURSING HOME,SAYVILLE,Suffolk,96.2,0.0,71.7,180.0,251.7,2.6,0.0
NY,GOOD SHEPHERD VILLAGE AT ENDWELL,ENDWELL,Broome,30.5,10.8,41.5,68.2,120.5,3.9,0.4
NY,GOOD SHEPHERD-FAIRVIEW HOME INC,BINGHAMTON,Broome,51.1,31.3,54.6,135.6,221.6,4.3,0.6
NY,GOWANDA REHABILITATION AND NURSING CENTER,GOWANDA,Cattaraugus,130.6,53.9,133.0,282.9,469.9,3.6,0.4
NY,GRAND MANOR NURSING & REHABILITATION CENTER,BRONX,Bronx,224.1,61.6,88.1,300.4,450.0,2.0,0.3
NY,GRANDELL REHABILITATION AND NURSING CENTER,LONG BEACH,Nassau,257.8,57.3,207.5,672.7,937.5,3.6,0.2
NY,GRANVILLE CENTER FOR REHABILITATION AND NURSING,GRANVILLE,Washington,118.0,47.3,96.4,210.4,354.1,3.0,0.4
NY,GREENE MEADOWS NURSING AND REHABILITATION CENTER,CATSKILL,Greene,108.9,55.8,98.4,198.9,353.1,3.2,0.5
NY,GREENFIELD HEALTH & REHAB CENTER,LANCASTER,Erie,154.0,54.9,192.1,383.7,630.7,4.1,0.4
NY,GROTON COMMUNITY HEALTH CARE CTR RES CARE FAC,GROTON,Tompkins,67.7,10.7,72.7,141.6,225.1,3.3,0.2
NY,GURWIN JEWISH NURSING AND REHABILITATION CENTER,COMMACK,Suffolk,437.6,270.6,330.2,1192.0,1792.7,4.1,0.6
NY,GUTHRIE CORTLAND MEDICAL CENTER,CORTLAND,Cortland,75.2,36.6,74.0,167.5,278.2,3.7,0.5
NY,HAMILTON MANOR NURSING HOME,ROCHESTER,Monroe,35.1,17.3,34.5,74.3,126.2,3.6,0.5
NY,HAMILTON PARK NURSING AND REHABILITATION CENTER,BROOKLYN,Kings,196.0,125.4,166.1,422.9,714.5,3.6,0.6
NY,"HARLEM CTR FOR NURSING AND REHABILITATION, L L C",NEW YORK,New York,196.9,71.6,138.4,467.8,677.7,3.4,0.4
NY,"HARRIS HILL NURSING FACILITY, L L C",WILLIAMSVILLE,Erie,184.9,99.8,185.5,412.8,698.2,3.8,0.5
NY,"HAVEN MANOR HEALTH CARE CENTER, L L C",FAR ROCKAWAY,Queens,223.0,39.6,132.6,237.7,409.9,1.8,0.2
NY,HAYM SOLOMON HOME FOR THE AGED,BROOKLYN,Kings,232.5,110.2,203.0,607.4,920.7,4.0,0.5
NY,HEBREW HOME FOR THE AGED AT RIVERDALE,RIVERDALE,Bronx,724.1,358.8,208.9,1433.3,2001.0,2.8,0.5
NY,HELEN HAYES HOSPITAL R H C F,WEST HAVERSTRAW,Rockland,20.0,65.5,1.4,65.9,132.7,6.6,3.3
NY,HELEN HAYES HOSPITAL T C U,WEST HAVERSTRAW,Rockland,18.1,58.8,0.4,61.3,120.6,6.7,3.2
NY,HEMPSTEAD PARK NURSING HOME,HEMPSTEAD,Nassau,231.4,52.1,158.3,470.3,680.7,2.9,0.2
NY,HENRY J CARTER SKILLED NURSING FACILITY,MANHATTAN,New York,162.4,219.2,142.9,408.0,770.0,4.7,1.3
NY,HERITAGE GREEN REHAB & SKILLED NURSING,GREENHURST,Chautauqua,130.6,73.5,116.7,237.0,427.2,3.3,0.6
NY,HERITAGE PARK REHAB & SKILLED NURSING,JAMESTOWN,Chautauqua,142.5,52.8,134.5,254.0,441.3,3.1,0.4
NY,HERITAGE VILLAGE REHAB AND SKILLED NURSING INC.,GERRY,Chautauqua,112.4,59.3,81.6,205.2,346.1,3.1,0.5
NY,HIGHBRIDGE WOODYCREST CENTER,BRONX,Bronx,86.1,42.5,61.7,81.7,185.9,2.2,0.5
NY,HIGHFIELD GARDENS CARE CENTER OF GREAT NECK,GREAT NECK,Nassau,181.1,104.9,135.0,513.7,753.5,4.2,0.6
NY,HIGHLAND CARE CENTER,JAMAICA,Queens,305.5,90.1,212.0,669.8,971.8,3.2,0.3
NY,HIGHLAND NURSING HOME INC,MASSENA,St. Lawrence,87.8,18.2,41.8,123.3,183.4,2.1,0.2
NY,HIGHLAND PARK REHABILITATION AND NURSING CENTER,WELLSVILLE,Allegany,77.1,26.5,61.8,137.7,226.1,2.9,0.3
NY,HIGHLAND REHABILITATION AND NURSING CENTER,MIDDLETOWN,Orange,98.1,43.6,84.9,176.8,305.3,3.1,0.4
NY,HIGHLANDS LIVING CENTER,PITTSFORD,Monroe,116.1,54.7,156.4,264.2,475.4,4.1,0.5
NY,HIGHPOINTE ON MICHIGAN HEALTH CARE FACILITY,BUFFALO,Erie,271.6,168.5,281.2,844.9,1294.6,4.8,0.6
NY,HILAIRE REHAB & NURSING,HUNTINGTON,Suffolk,79.2,29.9,37.0,157.0,223.9,2.8,0.4
NY,HILL HAVEN NURSING HOME,WEBSTER,Monroe,276.8,121.4,376.4,633.6,1131.4,4.1,0.4
NY,HILLSIDE MANOR REHAB & EXTENDED CARE CENTER,JAMAICA EST,Queens,375.8,232.8,188.3,859.2,1280.3,3.4,0.6
NY,HOLLIS PARK MANOR NURSING HOME,HOLLIS,Queens,77.5,13.9,62.6,142.5,218.9,2.8,0.2
NY,HOLLISWOOD CTR FOR REHABILITATION AND HEALTHCARE,HOLLIS,Queens,312.0,90.4,221.3,693.3,1005.1,3.2,0.3
NY,HOPE CENTER FOR H I V AND NURSING CARE,BRONX,Bronx,63.5,33.7,43.1,79.0,155.9,2.5,0.5
NY,HOPKINS CENTER FOR REHABILITATION AND HEALTHCARE,BROOKLYN,Kings,295.2,82.7,153.4,512.2,748.2,2.5,0.3
NY,HORIZON CARE CENTER,ARVERNE,Queens,263.0,40.5,124.8,356.0,521.3,2.0,0.2
NY,"HORNELL GARDENS, L L C",HORNELL,Steuben,70.1,8.7,60.7,134.5,204.0,2.9,0.1
NY,HOUGHTON REHABILITATION & NURSING CENTER,HOUGHTON,Allegany,91.1,26.4,63.7,188.2,278.4,3.1,0.3
NY,HUDSON PARK REHABILITATION AND NURSING CENTER,ALBANY,Albany,194.9,50.1,174.1,393.5,617.6,3.2,0.3
NY,HUDSON POINTE AT RIVERDALE CTR FOR NURSING & REHAB,BRONX,Bronx,152.4,16.4,110.9,305.7,433.1,2.8,0.1
NY,HUDSON VALLEY REHABILITATION & EXTENDED CARE CTR,HIGHLAND,Ulster,167.4,65.9,164.4,304.6,534.9,3.2,0.4
NY,HUMBOLDT HOUSE REHABILITATION AND NURSING CENTER,BUFFALO,Erie,157.9,37.4,120.6,274.4,432.4,2.7,0.2
NY,HUNTINGTON HILLS CTR FOR HEALTH AND REHABILITATION,MELVILLE,Suffolk,298.2,134.5,234.3,683.0,1051.8,3.5,0.5
NY,IDEAL SENIOR LIVING CENTER,ENDICOTT,Broome,146.4,8.1,143.1,329.7,480.9,3.3,0.1
NY,INCARNATION CHILDRENS CENTER INC,NEW YORK,New York,18.1,36.5,0.0,71.8,108.2,6.0,2.0
NY,IROQUOIS NURSING HOME INC,JAMESVILLE,Onondaga,154.5,72.9,113.2,287.5,473.6,3.1,0.5
NY,ISABELLA GERIATRIC CENTER INC,NEW YORK,New York,694.7,320.2,335.6,1736.4,2392.2,3.4,0.5
NY,ISLAND NURSING AND REHAB CENTER,HOLTSVILLE,Suffolk,103.3,54.6,96.4,223.1,374.1,3.6,0.5
NY,JAMAICA HOSPITAL MEDICAL CENTER T C U,JAMAICA,Queens,8.8,22.7,0.0,22.5,45.1,5.1,2.6
NY,JAMAICA HOSPITAL NURSING HOME CO INC,JAMAICA,Queens,219.9,124.4,100.9,435.6,661.0,3.0,0.6
NY,JAMES G JOHNSTON MEMORIAL NURSING HOME,JOHNSON CITY,Broome,118.7,23.0,95.0,267.4,385.3,3.2,0.2
NY,JEANNE JUGAN RESIDENCE,BRONX,Bronx,29.7,20.0,18.7,89.6,128.3,4.3,0.7
NY,JEFFERSON'S FERRY,SOUTH SETAUKET,Suffolk,57.1,47.3,44.6,148.8,240.7,4.2,0.8
NY,JENNIE B RICHMOND CHAFFEE NURSING HOME COMPANY INC,SPRINGVILLE,Erie,70.6,12.4,60.0,111.4,183.8,2.6,0.2
NY,JEWISH HOME OF CENTRAL NEW YORK,SYRACUSE,Onondaga,129.4,47.3,73.4,218.6,339.3,2.6,0.4
NY,JEWISH HOME OF ROCHESTER,ROCHESTER,Monroe,302.5,104.8,423.5,947.5,1475.8,4.9,0.3
NY,JOHN T MATHER MEMORIAL HOSP T C U,PORT JEFFERSON,Suffolk,10.1,67.3,0.0,41.7,109.1,10.8,6.7
NY,KATHERINE LUTHER RESIDENTIAL HLTH CARE & REHAB,CLINTON,Oneida,237.4,36.9,119.8,270.9,427.5,1.8,0.2
NY,KENDAL AT ITHACA,ITHACA,Tompkins,45.1,36.3,49.1,117.7,203.2,4.5,0.8
NY,KENDAL ON HUDSON,SLEEPY HOLLOW,Westchester,18.4,27.6,12.6,66.2,106.4,5.8,1.5
NY,KING DAVID CENTER FOR NURSING AND REHABILITATION,BROOKLYN,Kings,262.6,102.7,186.7,580.7,870.1,3.3,0.4
NY,KING STREET HOME INC,PORT CHESTER,Westchester,82.1,51.7,72.2,223.9,347.9,4.2,0.6
NY,KINGS HARBOR MULTICARE CENTER,BRONX,Bronx,673.7,261.4,471.8,1342.7,2076.0,3.1,0.4
NY,KINGSWAY ARMS NURSING CENTER INC,SCHENECTADY,Schenectady,156.5,53.7,198.5,432.5,684.7,4.4,0.3
NY,KIRKHAVEN,ROCHESTER,Monroe,143.6,33.3,140.1,328.1,501.5,3.5,0.2
NY,LACONIA NURSING HOME,BRONX,Bronx,230.5,38.8,100.1,422.6,561.6,2.4,0.2
NY,LATTA ROAD NURSING HOME EAST,ROCHESTER,Monroe,37.0,23.4,33.1,85.1,141.6,3.8,0.6
NY,LATTA ROAD NURSING HOME WEST,ROCHESTER,Monroe,37.5,28.3,22.6,86.1,137.0,3.6,0.8
NY,"LEROY VILLAGE GREEN RESIDENTIAL HEALTH C F, INC",LEROY,Genesee,133.7,59.2,130.9,296.8,486.9,3.6,0.4
NY,LEWIS COUNTY GENERAL HOSPITAL-NURSING HOME UNIT,LOWVILLE,Lewis,146.1,2.7,119.7,336.4,458.7,3.1,0.0
NY,LINDEN CENTER FOR NURSING AND REHABILITATION,BROOKLYN,Kings,272.8,113.4,168.9,618.9,901.3,3.3,0.4
NY,LITTLE NECK CARE CENTER,LITTLE NECK,Queens,117.3,41.9,56.8,225.0,323.7,2.8,0.4
NY,LIVINGSTON COUNTY CENTER FOR NURSING AND REHAB,MOUNT MORRIS,Livingston,250.6,71.3,226.9,546.6,844.8,3.4,0.3
NY,LIVINGSTON HILLS NURSING AND REHABILITATION CENTER,LIVINGSTON,Columbia,100.9,25.7,74.6,148.0,248.4,2.5,0.3
NY,LOCKPORT REHAB & HEALTH CARE CENTER,LOCKPORT,Niagara,81.3,17.2,63.0,179.9,260.1,3.2,0.2
NY,LONG BEACH NURSING AND REHABILITATION CENTER,LONG BEACH,Nassau,136.0,139.9,22.3,269.1,431.3,3.2,1.0
NY,LONG ISLAND CARE CENTER INC,FLUSHING,Queens,185.0,106.5,120.6,382.2,609.3,3.3,0.6
NY,LONG ISLAND STATE VETERANS HOME,STONYBROOK,Suffolk,346.9,259.0,208.4,874.9,1342.3,3.9,0.7
NY,LORETTO HEALTH AND REHABILITATION CENTER,SYRACUSE,Onondaga,552.8,229.0,396.1,1386.1,2011.2,3.6,0.4
NY,LUTHERAN CENTER AT POUGHKEEPSIE INC,POUGHKEEPSIE,Dutchess,154.0,30.4,153.8,341.9,526.1,3.4,0.2
NY,LUTHERAN RETIREMENT HOME,JAMESTOWN,Chautauqua,130.1,63.0,90.0,229.3,382.2,2.9,0.5
NY,LUXOR NURSING AND REHABILITATION AT MILLS POND,ST JAMES,Suffolk,244.9,96.9,200.3,510.9,808.1,3.3,0.4
NY,LUXOR NURSING AND REHABILITATION AT SAYVILLE,SAYVILLE,Suffolk,167.2,94.9,141.1,375.6,611.6,3.7,0.6
NY,LYNBROOK RESTORATIVE THERAPY AND NURSING,LYNBROOK,Nassau,108.6,61.0,78.0,201.5,340.5,3.1,0.6
NY,M M EWING CONTINUING CARE CENTER,CANANDAIGUA,Ontario,173.0,96.4,158.3,356.5,611.1,3.5,0.6
NY,MANHATTANVILLE HEALTH CARE CENTER,BRONX,Bronx,190.6,49.1,95.4,410.1,554.6,2.9,0.3
NY,MAPLEWOOD NURSING HOME INC,WEBSTER,Monroe,70.8,48.1,113.8,253.9,415.8,5.9,0.7
NY,MARGARET TIETZ CENTER FOR NURSING CARE INC,JAMAICA,Queens,194.4,147.7,48.5,377.6,573.7,3.0,0.8
NY,MARIA REGINA RESIDENCE INC,BRENTWOOD,Suffolk,179.9,93.3,161.8,477.5,732.6,4.1,0.5
NY,MARTINE CENTER FOR REHABILITATION AND NURSING,WHITE PLAINS,Westchester,194.7,65.0,165.7,376.6,607.3,3.1,0.3
NY,MARY MANNING WALSH NURSING HOME CO INC,NEW YORK,New York,336.6,206.6,235.4,776.0,1218.1,3.6,0.6
NY,MASONIC CARE COMMUNITY OF NEW YORK,UTICA,Oneida,311.2,138.8,341.7,847.0,1327.5,4.3,0.4
NY,MASSAPEQUA CENTER REHABILITATION & NURSING,AMITYVILLE,Suffolk,289.3,118.7,227.1,700.1,1045.8,3.6,0.4
NY,MASSENA REHABILITATION & NURSING CENTER,MASSENA,St. Lawrence,139.5,58.2,95.8,307.3,461.3,3.3,0.4
NY,MAYFAIR CARE CENTER,HEMPSTEAD,Nassau,188.3,0.0,0.0,353.7,353.7,1.9,0.0
NY,MCAULEY RESIDENCE,KENMORE,Erie,140.2,159.3,106.9,329.5,595.7,4.2,1.1
NY,MEADOW PARK REHABILITATION AND HEALTH CENTER L L C,FLUSHING,Queens,138.7,15.3,95.8,283.1,394.3,2.8,0.1
NY,MEADOWBROOK CARE CENTER,FREEPORT,Nassau,262.6,170.8,174.9,665.0,1010.6,3.8,0.7
NY,MEADOWBROOK HEALTHCARE,PLATTSBURGH,Clinton,255.8,155.7,137.3,473.9,766.9,3.0,0.6
NY,MEDFORD MULTICARE CENTER FOR LIVING,MEDFORD,Suffolk,305.0,155.4,311.9,683.6,1151.0,3.8,0.5
NY,MEDINA MEMORIAL HOSPITAL S N F,MEDINA,Orleans,29.9,4.8,14.2,66.5,85.4,2.9,0.2
NY,MENORAH HOME & HOSPITAL FOR AGED & INFIRM,BROOKLYN,Kings,429.3,271.2,232.1,962.7,1466.0,3.4,0.6
NY,MERCY HOSPITAL SKILLED NURSING FACILITY,LACKAWANNA,Erie,82.7,35.6,95.7,235.6,366.9,4.4,0.4
NY,MERCY LIVING CENTER,TUPPER LAKE,Franklin,54.2,34.5,29.3,109.4,173.1,3.2,0.6
NY,METHODIST HOME FOR NURSING AND REHABILITATION,BRONX,Bronx,99.6,29.9,69.4,227.8,327.1,3.3,0.3
NY,MIDDLETOWN PARK REHAB & HEALTH CARE CENTER,MIDDLETOWN,Orange,208.8,165.7,178.8,359.3,703.8,3.4,0.8
NY,MIDWAY NURSING HOME,MASPETH,Queens,185.2,0.0,0.0,363.5,363.5,2.0,0.0
NY,MOMENTUM AT SOUTH BAY FOR REHAB AND NURSING,EAST ISLIP,Suffolk,151.0,72.2,147.6,349.9,569.7,3.8,0.5
NY,MONROE COMMUNITY HOSPITAL,ROCHESTER,Monroe,537.0,123.6,713.5,1163.5,2000.6,3.7,0.2
NY,MONTGOMERY NURSING AND REHABILITATION CENTER,MONTGOMERY,Orange,94.7,37.3,72.8,187.6,297.7,3.1,0.4
NY,MORNINGSIDE NURSING AND REHABILITATION CENTER,BRONX,Bronx,310.2,262.6,79.0,670.0,1011.6,3.3,0.8
NY,MORNINGSTAR RESIDENTIAL CARE CENTER,OSWEGO,Oswego,108.6,17.5,86.5,261.8,365.9,3.4,0.2
NY,MORRIS PARK REHABILITATION AND NURSING CENTER,BRONX,Bronx,191.8,52.0,101.4,365.5,518.9,2.7,0.3
NY,MOSHOLU PARKWAY NURSING & REHABILITATION CENTER,BRONX,Bronx,118.5,32.9,84.9,230.1,347.9,2.9,0.3
NY,MOUNT SINAI SOUTH NASSAU T C U,OCEANSIDE,Nassau,20.0,47.1,0.0,50.3,97.4,4.9,2.4
NY,MOUNTAINSIDE RESIDENTIAL CARE CENTER,MARGARETVILLE,Delaware,80.2,47.7,49.4,138.7,235.8,2.9,0.6
NY,MVHS REHABILITATION AND NURSING CENTER,UTICA,Oneida,188.8,47.4,135.8,367.8,551.0,2.9,0.3
NY,"N Y CONGREGATIONAL NURSING CENTER, INC",BROOKLYN,Kings,187.8,89.8,116.7,377.7,584.2,3.1,0.5
NY,N Y S VETERANS HOME,OXFORD,Chenango,158.6,75.4,125.8,534.2,735.3,4.6,0.5
NY,N Y S VETERANS HOME IN N Y C,JAMAICA,Queens,219.7,130.4,247.0,721.2,1098.6,5.0,0.6
NY,NASSAU REHABILITATION & NURSING CENTER,HEMPSTEAD,Nassau,267.9,71.0,209.8,613.9,894.8,3.3,0.3
NY,NATHAN LITTAUER HOSPITAL NURSING HOME,GLOVERSVILLE,Fulton,92.1,16.4,77.5,177.9,271.9,3.0,0.2
NY,"NEW CARLTON REHAB AND NURSING CENTER, L L C",BROOKLYN,Kings,132.3,36.0,79.4,279.4,394.8,3.0,0.3
NY,NEW EAST SIDE NURSING HOME,NEW YORK,New York,55.2,39.6,70.2,186.9,296.7,5.4,0.7
NY,"NEW GLEN OAKS NURSING HOME, INC",GLEN OAKS,Queens,57.0,35.0,41.2,133.0,209.2,3.7,0.6
NY,NEW GOUVERNEUR HOSPITAL S N F,NEW YORK,New York,288.6,191.9,152.9,518.8,863.6,3.0,0.7
NY,NEW PALTZ CENTER FOR REHABILITATION AND NURSING,NEW PALTZ,Ulster,73.1,40.7,79.2,147.5,267.3,3.7,0.6
NY,"NEW VANDERBILT REHABILITATION AND CARE CENTER, INC",STATEN ISLAND,Richmond,280.2,106.8,234.5,595.1,936.3,3.3,0.4
NY,NEW YORK CENTER FOR REHABILITATION & NURSING,ASTORIA,Queens,276.3,265.8,85.3,778.5,1129.6,4.1,1.0
NY,NEW YORK STATE VETERANS HOME AT MONTROSE,MONTROSE,Westchester,235.8,144.1,149.2,738.8,1032.1,4.4,0.6
NY,NEW YORK-PRESBYTERIAN / QUEENS T C U,FLUSHING,Queens,43.9,31.4,16.3,19.1,66.8,1.5,0.7
NY,NEWARK MANOR NURSING HOME INC,NEWARK,Wayne,54.4,9.0,53.5,92.4,154.8,2.8,0.2
NY,NEWFANE REHAB & HEALTH CARE CENTER,NEWFANE,Niagara,154.1,51.9,120.7,286.6,459.2,3.0,0.3
NY,NIAGARA REHABILITATION AND NURSING CENTER,NIAGARA FALLS,Niagara,123.0,43.3,97.4,196.8,337.4,2.7,0.4
NY,NORTH GATE HEALTH CARE FACILITY,NORTH TONAWANDA,Niagara,188.5,79.4,189.5,410.1,679.0,3.6,0.4
NY,NORTH SHORE - L I J ORZAC CTR FOR REHABILITATION,VALLEY STREAM,Nassau,112.3,203.0,51.3,338.5,592.7,5.3,1.8
NY,NORTH WESTCHESTER RESTORATIVE THERAPY & NRSG CRT,MOHEGAN LAKE,Westchester,112.5,57.1,114.0,260.4,431.6,3.8,0.5
NY,NORTHEAST CTR FOR REHABILITATION AND BRAIN INJURY,LAKE KATRINE,Ulster,263.6,98.5,284.5,434.7,817.6,3.1,0.4
NY,"NORTHERN DUTCHESS RES HEALTH CARE FACILITY, INC",RHINEBECK,Dutchess,91.6,49.4,88.9,206.4,344.6,3.8,0.5
NY,NORTHERN MANHATTAN REHABILITATION AND NURSING CTR,NEW YORK,New York,316.4,76.0,162.3,605.0,843.4,2.7,0.2
NY,NORTHERN MANOR GERIATRIC CENTER INC,NANUET,Rockland,224.5,149.6,263.5,526.6,939.8,4.2,0.7
NY,NORTHERN METROPOLITAN RES HEALTH CARE FACILITY INC,MONSEY,Rockland,115.6,61.8,114.5,349.5,525.8,4.5,0.5
NY,"NORTHERN RIVERVIEW HEALTH CARE, INC",HAVERSTRAW,Rockland,177.7,52.6,181.0,360.9,594.4,3.3,0.3
NY,NORTHWELL HEALTH STERN FAMILY CENTER FOR REHAB,MANHASSET,Nassau,235.9,309.4,172.4,743.3,1225.2,5.2,1.3
NY,NORTHWOODS REHAB AND NURSING CENTER AT MORAVIA,MORAVIA,Cayuga,33.7,10.3,35.4,74.0,119.7,3.6,0.3
NY,NORWEGIAN CHRISTIAN HOME AND HEALTH CENTER,BROOKLYN,Kings,128.9,35.1,78.3,286.5,399.9,3.1,0.3
NY,NORWICH REHABILITATION & NURSING CENTER,NORWICH,Chenango,79.8,29.8,72.9,150.5,253.2,3.2,0.4
NY,NOTTINGHAM R H C F,JAMESVILLE,Onondaga,37.9,19.3,23.2,97.9,140.4,3.7,0.5
NY,NYACK RIDGE REHABILITATION AND NURSING CENTER,VALLEY COTTAGE,Rockland,151.7,15.0,116.5,301.1,432.5,2.9,0.1
NY,OAK HILL REHABILITATION AND NURSING CARE CENTER,ITHACA,Tompkins,58.5,17.8,38.9,62.5,119.2,2.0,0.3
NY,"OASIS REHABILITATION AND NURSING, LLC",CENTER MORICHES,Suffolk,95.9,56.4,78.7,213.4,348.5,3.6,0.6
NY,OCEANSIDE CARE CENTER INC,OCEANSIDE,Nassau,95.5,51.7,65.4,213.5,330.5,3.5,0.5
NY,OCEANVIEW NURSING & REHABILITATION CARE CENTER,FAR ROCKAWAY,Queens,98.2,0.0,71.9,171.1,243.0,2.5,0.0
NY,ONEIDA CENTER FOR REHABILITATION AND NURSING,UTICA,Oneida,114.6,66.8,121.4,331.6,519.8,4.5,0.6
NY,ONEIDA HEALTH REHABILITATION AND EXTENDED CARE,ONEIDA,Madison,151.9,91.1,145.1,343.7,579.9,3.8,0.6
NY,ONONDAGA CENTER FOR REHABILITATION AND NURSING,MINOA,Onondaga,74.7,41.7,80.1,172.5,294.3,3.9,0.6
NY,ONTARIO CENTER FOR REHABILITATION AND HEALTHCARE,CANANDAIGUA,Ontario,91.6,30.5,77.4,205.8,313.6,3.4,0.3
NY,ORCHARD REHABILITATION & NURSING CENTER,MEDINA,Orleans,140.6,70.3,85.1,231.2,386.6,2.7,0.5
NY,OUR LADY OF CONSOLATION NURSING AND REHAB CARE CTR,WEST ISLIP,Suffolk,413.6,294.7,165.7,695.0,1155.4,2.8,0.7
NY,OUR LADY OF MERCY LIFE CENTER,GUILDERLAND,Albany,152.4,54.2,170.2,345.1,569.6,3.7,0.4
NY,OUR LADY OF PEACE NURSING CARE RESIDENCE,LEWISTON,Niagara,238.0,82.7,234.0,484.3,800.9,3.4,0.3
NY,OXFORD NURSING HOME,BROOKLYN,Kings,213.3,60.4,145.5,445.1,651.0,3.1,0.3
NY,OZANAM HALL OF QUEENS NURSING HOME INC,BAYSIDE,Queens,361.8,268.1,155.8,832.3,1256.3,3.5,0.7
NY,PALATINE NURSING HOME,PALATINE BRIDGE,Montgomery,65.1,17.0,52.6,115.8,185.3,2.8,0.3
NY,PALM GARDENS CENTER FOR NURSING AND REHABILITATION,BROOKLYN,Kings,227.0,109.7,168.2,597.5,875.4,3.9,0.5
NY,PARK AVENUE EXTENDED CARE FACILITY,LONG BEACH,Nassau,225.3,36.3,160.2,511.9,708.5,3.1,0.2
NY,PARK GARDENS REHABILITATION & NURSING CENTER L L C,RIVERDALE,Bronx,189.7,79.4,86.8,393.6,559.8,3.0,0.4
NY,PARK NURSING HOME,ROCKAWAY PARK,Queens,178.2,50.6,113.5,325.6,489.7,2.7,0.3
NY,PARK RIDGE NURSING HOME,ROCHESTER,Monroe,116.1,77.4,168.0,356.0,601.4,5.2,0.7
NY,PARK TERRACE CARE CENTER,CORONA,Queens,195.4,131.4,99.8,436.9,668.1,3.4,0.7
NY,PARKER JEWISH INSTITUTE FOR HEALTH CARE & REHAB,NEW HYDE PARK,Queens,499.1,380.5,169.5,1157.8,1707.9,3.4,0.8
NY,"PARKVIEW CARE AND REHABILITATION CENTER, INC",MASSAPEQUA,Nassau,162.8,33.5,114.8,314.0,462.3,2.8,0.2
NY,PATHWAYS NURSING AND REHABILITATION CENTER,NISKAYUNA,Schenectady,106.7,165.7,76.2,236.6,478.5,4.5,1.6
NY,PECONIC BAY SKILLED NURSING FACILITY,RIVERHEAD,Suffolk,51.6,50.3,76.4,151.0,277.7,5.4,1.0
NY,PECONIC LANDING AT SOUTHOLD,GREENPORT,Suffolk,63.7,48.4,47.9,153.8,250.2,3.9,0.8
NY,PENFIELD PLACE,PENFIELD,Monroe,43.6,14.9,47.1,90.0,152.0,3.5,0.3
NY,PENINSULA NURSING AND REHABILITATION CENTER,FAR ROCKAWAY,Queens,186.2,127.0,63.4,366.4,556.8,3.0,0.7
NY,PENN YAN MANOR NURSING HOME INC,PENN YAN,Yates,44.7,18.8,41.7,105.4,165.9,3.7,0.4
NY,PINE HAVEN HOME,PHILMONT,Columbia,110.9,58.8,91.6,195.9,346.3,3.1,0.5
NY,PINE VALLEY CENTER FOR REHABILITATION AND NURSING,SPRING VALLEY,Rockland,155.0,67.2,169.8,357.3,594.2,3.8,0.4
NY,PINNACLE MULTICARE NURSING AND REHAB CENTER,BRONX,Bronx,470.6,168.6,258.3,932.4,1359.3,2.9,0.4
NY,PLATTSBURGH REHABILITATION AND NURSING CENTER,PLATTSBURGH,Clinton,77.4,46.8,58.6,158.5,264.0,3.4,0.6
NY,PONTIAC NURSING HOME,OSWEGO,Oswego,50.7,14.4,34.3,92.4,141.0,2.8,0.3
NY,PREMIER GENESEE CENTER FOR NRSG AND REHABILITATION,BATAVIA,Genesee,150.6,35.2,184.4,367.2,586.9,3.9,0.2
NY,PRESBYTERIAN HOME FOR CENTRAL NEW YORK INC,NEW HARTFORD,Oneida,200.2,74.1,186.2,356.2,616.4,3.1,0.4
NY,PROMENADE REHABILITATION AND HEALTH CARE CENTER,ROCKAWAY PARK,Queens,201.6,101.4,133.8,476.3,711.5,3.5,0.5
NY,PROVIDENCE REST INC,BRONX,Bronx,204.8,36.0,113.5,411.9,561.4,2.7,0.2
NY,PUTNAM NURSING & REHABILITATION CENTER,HOLMES,Putnam,112.6,32.3,104.5,180.0,316.9,2.8,0.3
NY,PUTNAM RIDGE,BREWSTER,Putnam,148.6,59.5,151.3,272.9,483.8,3.3,0.4
NY,QUANTUM REHABILITATION AND NURSING L L C,MIDDLE ISLAND,Suffolk,111.3,53.0,89.0,278.5,420.5,3.8,0.5
NY,QUEEN OF PEACE RESIDENCE,QUEENS VILLAGE,Queens,50.4,44.3,4.8,142.0,191.1,3.8,0.9
NY,QUEENS BOULEVARD EXTENDED CARE FACILITY,WOODSIDE,Queens,252.8,218.0,125.9,659.0,1003.0,4.0,0.9
NY,QUEENS NASSAU REHABILITATION AND NURSING CENTER,FAR ROCKAWAY,Queens,195.5,94.6,145.7,465.3,705.7,3.6,0.5
NY,REBEKAH REHAB AND EXTENDED CARE CENTER,BRONX,Bronx,209.9,3.3,144.1,362.8,510.2,2.4,0.0
NY,REGAL HEIGHTS REHABILITATION AND HEALTH CARE CTR,JACKSON HEIGHTS,Queens,273.5,215.5,35.9,551.9,803.3,2.9,0.8
NY,REGEIS CARE CENTER,BRONX,Bronx,227.7,48.3,166.4,495.2,709.9,3.1,0.2
NY,REGENCY EXTENDED CARE CENTER,YONKERS,Westchester,289.9,224.4,57.5,534.2,816.1,2.8,0.8
NY,REGO PARK NURSING HOME,FLUSHING,Queens,187.7,69.4,95.7,405.7,570.7,3.0,0.4
NY,RENAISSANCE REHABILITATION AND NURSING CARE CENTER,STAATSBURG,Dutchess,115.0,36.1,141.5,187.5,365.1,3.2,0.3
NY,RESORT NURSING HOME,ARVERNE,Queens,204.9,140.3,47.1,446.1,633.4,3.1,0.7
NY,RICHMOND CTR FOR REHAB AND SPECIALTY HEALTHCARE,STATEN ISLAND,Richmond,366.6,195.1,366.7,1247.9,1809.7,4.9,0.5
NY,RIVER RIDGE LIVING CENTER,AMSTERDAM,Montgomery,106.1,10.1,103.8,185.8,299.7,2.8,0.1
NY,RIVER VIEW REHABILITATION AND NURSING CARE CENTER,OWEGO,Tioga,73.5,13.2,48.7,132.2,194.1,2.6,0.2
NY,RIVERDALE NURSING HOME,BRONX,Bronx,134.5,23.7,87.6,242.3,353.7,2.6,0.2
NY,RIVERSIDE CENTER FOR REHABILITATION AND NURSING,CASTLETON ON HUDSON,Rensselaer,76.4,22.3,88.5,125.4,236.2,3.1,0.3
NY,ROBINSON TERRACE,STAMFORD,Delaware,117.8,46.9,69.9,201.4,318.2,2.7,0.4
NY,ROCKAWAY CARE CENTER,FAR ROCKAWAY,Queens,201.4,38.2,137.0,351.4,526.7,2.6,0.2
NY,"ROCKVILLE SKILLED NURSING & REHAB CENTER, L L C",ROCKVILLE CENTRE,Nassau,59.2,12.0,67.6,147.1,226.7,3.8,0.2
NY,ROSA COPLON JEWISH HOME AND INFIRMARY,GETZVILLE,Erie,168.6,58.4,177.1,409.6,645.1,3.8,0.3
NY,ROSCOE REGIONAL REHAB & RESIDENTIAL H C F,ROSCOE,Sullivan,78.5,32.5,58.1,177.6,268.2,3.4,0.4
NY,ROSEWOOD REHABILITATION AND NURSING CENTER,RENSSELAER,Rensselaer,74.3,27.4,80.9,142.7,251.0,3.4,0.4
NY,ROSS CENTER FOR NURSING AND REHABILITATION,BRENTWOOD,Suffolk,112.9,30.2,85.4,215.0,330.6,2.9,0.3
NY,"RUTLAND NURSING HOME, INC",BROOKLYN,Kings,450.2,208.1,393.9,1066.6,1668.6,3.7,0.5
NY,"SAFIRE REHABILITATION OF NORTHTOWNS, L L C",TONAWANDA,Erie,91.0,36.7,81.3,173.5,291.5,3.2,0.4
NY,"SAFIRE REHABILITATION OF SOUTHTOWN, L L C",BUFFALO,Erie,109.7,59.6,70.6,172.2,302.3,2.8,0.5
NY,SAINTS JOACHIM & ANNE NURSING AND REHAB CENTER,BROOKLYN,Kings,189.0,76.5,125.4,387.8,589.7,3.1,0.4
NY,SALAMANCA REHABILITATION & NURSING CENTER,SALAMANCA,Cattaraugus,88.4,41.4,58.3,211.6,311.3,3.5,0.5
NY,SALEM HILLS REHABILITATION AND NURSING CENTER,PURDYS,Westchester,123.5,64.5,93.8,256.4,414.7,3.4,0.5
NY,SAMARITAN KEEP NURSING HOME INC,WATERTOWN,Jefferson,263.9,48.5,240.3,681.7,970.5,3.7,0.2
NY,SAN SIMEON BY THE SOUND CENTER FOR NURSING & REHAB,GREENPORT,Suffolk,115.7,56.5,106.2,246.8,409.5,3.5,0.5
NY,SANDS POINT CENTER FOR HEALTH AND REHABILITATION,PORT WASHINGTON,Nassau,171.1,100.3,100.2,400.0,600.5,3.5,0.6
NY,SANS SOUCI REHABILITATION AND NURSING CENTER,YONKERS,Westchester,112.9,59.3,56.8,241.4,357.6,3.2,0.5
NY,SAPPHIRE CTR FOR REHAB & NRSG OF CTRL QUEENS,FLUSHING,Queens,214.3,157.7,27.4,458.8,644.0,3.0,0.7
NY,SAPPHIRE NURSING AND REHAB AT GOSHEN,GOSHEN,Orange,113.7,55.8,86.4,206.6,348.9,3.1,0.5
NY,SAPPHIRE NURSING AT MEADOW HILL,NEWBURGH,Orange,176.0,83.8,156.7,334.8,575.3,3.3,0.5
NY,SAPPHIRE NURSING AT WAPPINGERS,WAPPINGERS FALLS,Dutchess,58.2,29.8,47.1,81.3,158.2,2.7,0.5
NY,SARATOGA CENTER FOR REHAB & SKILLED NURSING CARE,BALLSTON SPA,Saratoga,131.7,40.9,114.9,253.9,409.7,3.1,0.3
NY,SCHAFFER EXTENDED CARE CENTER,NEW ROCHELLE,Westchester,141.7,86.7,49.2,292.6,428.6,3.0,0.6
NY,SCHENECTADY CENTER FOR REHABILITATION AND NURSING,SCHENECTADY,Schenectady,236.7,93.9,258.0,571.0,923.0,3.9,0.4
NY,SCHERVIER NURSING CARE CENTER,BRONX,Bronx,354.2,143.7,188.4,754.5,1086.6,3.1,0.4
NY,SCHERVIER PAVILION,WARWICK,Orange,104.6,60.8,120.1,241.4,422.2,4.0,0.6
NY,SCHOELLKOPF HEALTH CENTER,NIAGARA FALLS,Niagara,111.6,33.6,117.3,267.2,418.1,3.7,0.3
NY,SCHOFIELD RESIDENCE,KENMORE,Erie,111.9,25.0,90.9,247.3,363.2,3.2,0.2
NY,SCHULMAN AND SCHACHNE INST FOR NURSING & REHAB,BROOKLYN,Kings,409.3,149.1,365.6,768.8,1283.4,3.1,0.4
NY,SCHUYLER HOSPITAL INC & LONG TERM CARE UNIT,MONTOUR FALLS,Schuyler,112.8,38.8,92.2,274.9,405.9,3.6,0.3
NY,SEA CREST NURSING AND REHABILITATION CENTER,BROOKLYN,Kings,274.0,309.6,23.5,545.8,878.9,3.2,1.1
NY,SEA VIEW HOSPITAL REHABILITATION CENTER AND HOME,STATEN ISLAND,Richmond,298.2,251.6,130.3,924.6,1306.4,4.4,0.8
NY,SEAGATE REHABILITATION AND NURSING CENTER,BROOKLYN,Kings,355.0,53.3,195.0,781.1,1029.3,2.9,0.2
NY,SENECA HEALTH CARE CENTER,WEST SENECA,Erie,155.2,96.1,142.1,312.1,550.3,3.5,0.6
NY,SENECA HILL MANOR INC,OSWEGO,Oswego,116.3,52.6,120.4,240.6,413.6,3.6,0.5
NY,"SENECA NURSING & REHABILITATION CENTER, L L C",WATERLOO,Seneca,75.3,17.5,38.8,136.2,192.5,2.6,0.2
NY,SETON HEALTH AT SCHUYLER RIDGE RESIDENTIAL H C,CLIFTON PARK,Saratoga,116.7,24.3,113.8,299.6,437.7,3.7,0.2
NY,SHAKER PLACE REHABILITATION AND NURSING CENTER,ALBANY,Albany,190.7,107.1,110.5,309.2,526.8,2.8,0.6
NY,SHEEPSHEAD NURSING & REHABILITATION CENTER,BROOKLYN,Kings,192.7,68.3,143.8,498.1,710.3,3.7,0.4
NY,SHORE VIEW NURSING  & REHABILITATION CENTER,BROOKLYN,Kings,292.7,305.2,39.5,620.1,964.8,3.3,1.0
NY,SILVER LAKE SPECIALIZED REHAB AND CARE CENTER,STATEN ISLAND,Richmond,215.2,139.2,115.3,544.7,799.2,3.7,0.6
NY,SILVERCREST,JAMAICA,Queens,318.0,321.3,164.9,744.1,1230.3,3.9,1.0
NY,SKY VIEW REHABILITATION & HEALTH CARE CENTER L L C,CROTON ON HUDSON,Westchester,176.9,85.6,151.1,353.3,590.1,3.3,0.5
NY,SLATE VALLEY CENTER FOR REHABILITATION AND NURSING,GRANVILLE,Washington,86.2,37.0,78.1,179.2,294.3,3.4,0.4
NY,SMITHTOWN CENTER FOR REHABILITATION & NURSING CARE,SMITHTOWN,Suffolk,160.4,93.8,82.3,350.7,526.8,3.3,0.6
NY,SODUS REHABILITATION & NURSING CENTER,SODUS,Wayne,96.1,40.1,99.8,206.8,346.7,3.6,0.4
NY,SOLDIERS AND SAILORS MEMORIAL HOSPITAL E C U,PENN YAN,Yates,124.1,33.5,118.9,296.7,449.1,3.6,0.3
NY,SOUTH SHORE REHABILITATION AND NURSING CENTER,FREEPORT,Nassau,92.1,37.6,69.0,203.1,309.8,3.4,0.4
NY,SPLIT ROCK REHABILITION AND HEALTH CARE CENTER,BRONX,Bronx,228.3,134.0,146.1,509.5,789.6,3.5,0.6
NY,SPRAIN BROOK MANOR REHAB,SCARSDALE,Westchester,106.6,73.8,77.5,261.2,412.5,3.9,0.7
NY,SPRING CREEK REHABILITATION & NURSING CARE CENTER,BROOKLYN,Kings,184.8,30.3,127.4,374.8,532.4,2.9,0.2
NY,ST ANNS COMMUNITY,ROCHESTER,Monroe,357.4,101.7,261.4,602.9,965.9,2.7,0.3
NY,ST ANNS COMMUNITY,WEBSTER,Monroe,70.8,28.3,66.4,224.2,318.9,4.5,0.4
NY,ST CABRINI NURSING HOME,DOBBS FERRY,Westchester,291.5,83.5,243.0,682.8,1009.3,3.5,0.3
NY,ST CAMILLUS RESIDENTIAL HEALTH CARE FACILITY,SYRACUSE,Onondaga,242.6,36.8,267.4,492.8,797.1,3.3,0.2
NY,ST CATHERINE LABOURE HEALTH CARE CENTER,BUFFALO,Erie,71.6,36.5,80.4,183.7,300.6,4.2,0.5
NY,ST CATHERINE OF SIENA NRSG AND REHAB CARE CENTER,SMITHTOWN,Suffolk,220.1,106.7,218.7,505.3,830.7,3.8,0.5
NY,ST JAMES REHABILITATION & HEALTHCARE CENTER,ST JAMES,Suffolk,226.1,53.8,203.2,483.8,740.8,3.3,0.2
NY,ST JOHNLAND NURSING CENTER INC,KINGS PARK,Suffolk,244.9,106.3,220.2,528.5,855.0,3.5,0.4
NY,ST JOHNS HEALTH CARE CORPORATION,ROCHESTER,Monroe,369.5,92.8,559.9,1190.1,1842.8,5.0,0.3
NY,ST JOHN'S PENFIELD HOMES,FAIRPORT,Monroe,19.6,14.4,21.3,60.8,96.5,4.9,0.7
NY,ST JOHNSVILLE REHABILITATION AND NURSING CENTER,SAINT JOHNSVILLE,Montgomery,117.6,46.0,87.6,228.2,361.8,3.1,0.4
NY,ST JOSEPHS HOME,OGDENSBURG,St. Lawrence,85.3,21.2,46.9,145.7,213.9,2.5,0.2
NY,ST JOSEPH'S HOSPITAL - SKILLED NURSING FACILITY,ELMIRA,Chemung,80.5,33.5,64.0,196.4,294.0,3.7,0.4
NY,ST JOSEPHS PLACE,PORT JERVIS,Orange,43.1,33.2,35.0,84.2,152.4,3.5,0.8
NY,ST LUKE RESIDENTIAL HEALTH CARE FACILITY INC,OSWEGO,Oswego,200.1,56.6,136.2,359.8,552.7,2.8,0.3
NY,ST MARGARETS CENTER,ALBANY,Albany,87.8,77.7,172.1,362.3,612.1,7.0,0.9
NY,ST MARYS CENTER INC,NEW YORK,New York,33.8,24.4,15.7,62.0,102.1,3.0,0.7
NY,ST MARYS HOSPITAL FOR CHILDREN,BAYSIDE,Queens,123.1,576.9,32.0,628.2,1237.1,10.0,4.7
NY,ST PATRICKS HOME,BRONX,Bronx,241.1,122.2,107.1,520.5,749.8,3.1,0.5
NY,ST PETERS NURSING AND REHABILITATION CENTER,ALBANY,Albany,150.6,41.7,165.9,326.8,534.4,3.5,0.3
NY,ST VINCENT DE PAUL RESIDENCE,BRONX,Bronx,116.4,97.1,9.5,199.4,306.0,2.6,0.8
NY,STATEN ISLAND CARE CENTER,STATEN ISLAND,Richmond,272.3,0.0,233.0,460.2,693.1,2.5,0.0
NY,STEUBEN CENTER FOR REHABILITATION AND HEALTHCARE,BATH,Steuben,98.4,37.2,79.2,230.0,346.4,3.5,0.4
NY,SUFFOLK CENTER FOR REHABILITATION AND NURSING,PATCHOGUE,Suffolk,109.6,35.4,97.7,191.0,324.0,3.0,0.3
NY,SULLIVAN COUNTY ADULT CARE CENTER,LIBERTY,Sullivan,115.8,73.9,88.5,337.5,499.9,4.3,0.6
NY,SUNHARBOR MANOR,ROSLYN HEIGHTS,Nassau,238.3,162.0,197.7,526.1,885.8,3.7,0.7
NY,SUNNYSIDE CARE CENTER,EAST SYRACUSE,Onondaga,80.1,7.3,58.6,138.0,203.9,2.5,0.1
NY,SUNRISE MANOR CTR FOR NURSING AND REHABILITATION,BAY SHORE,Suffolk,84.7,17.3,66.8,153.3,237.4,2.8,0.2
NY,"SUNSET NURSING AND REHABILITATION CENTER, INC",BOONVILLE,Oneida,99.9,3.1,72.6,171.3,246.9,2.5,0.0
NY,SUNSHINE CHILDREN'S HOME AND REHAB CENTER,OSSINING,Westchester,52.7,235.1,11.2,179.6,425.9,8.1,4.5
NY,SURGE REHABILITATION AND NURSING LLC,MIDDLE ISLAND,Suffolk,130.9,52.0,116.5,290.7,459.2,3.5,0.4
NY,"SUSQUEHANNA NURSING & REHABILITATION CENTER, L L C",JOHNSON CITY,Broome,155.4,58.0,119.2,297.9,475.1,3.1,0.4
NY,SUTTON PARK CENTER FOR NURSING AND REHABILITATION,NEW ROCHELLE,Westchester,154.9,64.1,90.4,291.0,445.5,2.9,0.4
NY,SYRACUSE HOME ASSOCIATION,BALDWINSVILLE,Onondaga,111.3,40.3,120.6,308.5,469.4,4.2,0.4
NY,TARRYTOWN HALL CARE CENTER,TARRYTOWN,Westchester,98.1,65.0,91.8,207.2,364.0,3.7,0.7
NY,TEN BROECK COMMONS,LAKE KATRINE,Ulster,247.0,138.9,230.1,532.6,901.6,3.6,0.6
NY,TERENCE CARDINAL COOKE HEALTH CARE CENTER,NEW YORK,New York,536.5,278.4,413.5,1468.5,2160.4,4.0,0.5
NY,TERESIAN HOUSE NURSING HOME CO INC,ALBANY,Albany,282.3,129.8,269.8,783.3,1182.8,4.2,0.5
NY,TERRACE VIEW LONG TERM CARE FACILITY,BUFFALO,Erie,385.6,279.2,431.4,1066.0,1776.6,4.6,0.7
NY,THE AMSTERDAM AT HARBORSIDE,PORT WASHINGTON,Nassau,51.8,56.5,69.8,129.6,255.8,4.9,1.1
NY,THE BAPTIST HOME AT BROOKMEADE,RHINEBECK,Dutchess,116.1,38.3,99.4,242.8,380.6,3.3,0.3
NY,"THE BRIGHTONIAN, INC",ROCHESTER,Monroe,49.5,12.1,40.3,99.6,151.9,3.1,0.2
NY,THE CENTER FOR NURSING AND REHAB AT HOOSICK FALLS,HOOSICK FALLS,Rensselaer,68.0,32.1,66.0,147.9,245.9,3.6,0.5
NY,THE CHATEAU AT BROOKLYN REHAB AND NURSING CENTER,BROOKLYN,Kings,179.7,78.1,109.4,369.0,556.5,3.1,0.4
NY,THE CITADEL REHAB AND NURSING CTR AT KINGSBRIDGE,BRONX,Bronx,365.4,118.9,154.4,695.8,969.1,2.7,0.3
NY,"THE COMMONS ON ST ANTHONY, A S N F & SHORT T R C",AUBURN,Cayuga,282.4,75.6,323.8,588.5,987.9,3.5,0.3
NY,"THE COTTAGES AT GARDEN GROVE, A SKILLED NRSG COMM",CICERO,Onondaga,158.2,4.1,134.0,594.7,732.9,4.6,0.0
NY,THE ELEANOR NURSING CARE CENTER,HYDE PARK,Dutchess,110.0,24.1,117.7,197.6,339.4,3.1,0.2
NY,THE EMERALD PEEK REHABILITATION AND NURSING CENTER,PEEKSKILL,Westchester,93.3,21.2,78.9,189.5,289.6,3.1,0.2
NY,THE ENCLAVE AT PORT CHESTER REHAB AND NURSING CTR,PORT CHESTER,Westchester,150.5,57.0,76.1,327.1,460.2,3.1,0.4
NY,THE FIVE TOWNS PREMIER REHAB & NURSING CENTER,WOODMERE,Nassau,268.8,218.4,133.0,657.4,1008.7,3.8,0.8
NY,THE FRIENDLY HOME,ROCHESTER,Monroe,190.7,33.3,208.7,511.3,753.3,3.9,0.2
NY,THE GRAND PAVILION FOR RHB & NRSG AT ROCKVILLE CTR,ROCKVILLE CENTRE,Nassau,154.3,51.6,132.0,350.1,533.7,3.5,0.3
NY,THE GRAND REHABILITATION AND NRSG AT CHITTENANGO,CHITTENANGO,Madison,76.6,22.3,76.1,126.6,225.0,2.9,0.3
NY,THE GRAND REHABILITATION AND NRSG AT GUILDERLAND,ALTAMONT,Albany,125.8,54.5,112.6,194.1,361.1,2.9,0.4
NY,THE GRAND REHABILITATION AND NRSG AT RIVER VALLEY,POUGHKEEPSIE,Dutchess,156.3,48.8,147.8,318.4,515.1,3.3,0.3
NY,THE GRAND REHABILITATION AND NURSING AT BARNWELL,VALATIE,Columbia,233.7,91.8,213.9,361.1,666.7,2.9,0.4
NY,THE GRAND REHABILITATION AND NURSING AT BATAVIA,BATAVIA,Genesee,61.0,33.2,54.8,127.2,215.3,3.5,0.5
NY,THE GRAND REHABILITATION AND NURSING AT GREAT NECK,GREAT NECK,Nassau,206.3,90.2,130.0,459.4,679.6,3.3,0.4
NY,THE GRAND REHABILITATION AND NURSING AT MOHAWK,ILION,Herkimer,109.7,44.9,119.6,201.8,366.3,3.3,0.4
NY,THE GRAND REHABILITATION AND NURSING AT PAWLING,PAWLING,Dutchess,116.0,44.2,112.3,212.7,369.2,3.2,0.4
NY,THE GRAND REHABILITATION AND NURSING AT QUEENS,WHITESTONE,Queens,173.7,60.5,140.2,376.7,577.5,3.3,0.3
NY,THE GRAND REHABILITATION AND NURSING AT ROME,ROME,Oneida,148.4,64.8,114.7,248.2,427.8,2.9,0.4
NY,THE GRAND REHABILITATION AND NURSING AT SOUTH POIN,ISLAND PARK,Nassau,170.6,73.6,86.7,342.0,502.3,2.9,0.4
NY,THE GRAND REHABILITATION AND NURSING AT UTICA,UTICA,Oneida,205.5,54.5,188.5,369.9,613.0,3.0,0.3
NY,THE GROVE AT VALHALLA REHAB AND NURSING CENTER,VALHALLA,Westchester,156.2,60.7,116.5,330.8,508.0,3.3,0.4
NY,THE HAMLET REHABILITATION AND HEALTHCARE CENTER AT,NESCONSET,Suffolk,230.8,53.6,179.3,465.0,697.9,3.0,0.2
NY,THE HAMPTONS CENTER FOR REHABILITATION AND NURSING,SOUTH HAMPTON,Suffolk,261.8,109.3,151.6,487.5,748.3,2.9,0.4
NY,THE HERITAGE REHABILITATION AND HEALTH CARE CENTER,BROOKLYN,Kings,76.6,29.6,41.0,146.2,216.8,2.8,0.4
NY,THE HIGHLANDS AT BRIGHTON,ROCHESTER,Monroe,140.9,73.1,221.3,475.4,769.9,5.5,0.5
NY,THE HURLBUT,ROCHESTER,Monroe,137.6,14.6,152.4,276.5,443.4,3.2,0.1
NY,THE KNOLLS,VALHALLA,Westchester,14.6,24.1,0.0,40.6,64.8,4.4,1.7
NY,"THE NEW JEWISH HOME, MANHATTAN",NEW YORK,New York,508.3,156.4,304.0,1102.1,1562.5,3.1,0.3
NY,"THE NEW JEWISH HOME, SARAH NEUMAN",MAMARONECK,Westchester,293.3,101.4,107.1,575.4,784.0,2.7,0.3
NY,THE OSBORN,RYE,Westchester,78.5,33.3,70.1,255.8,359.1,4.6,0.4
NY,THE PARAMOUNT AT SOMERS REHAB AND NURSING CENTER,SOMERS,Westchester,273.0,86.7,193.8,499.9,780.4,2.9,0.3
NY,THE PAVILION AT QUEENS FOR REHABILITATION & NRSING,FLUSHING,Queens,292.2,190.8,183.0,670.8,1044.6,3.6,0.7
NY,THE PHOENIX REHABILITATION AND NURSING CENTER,BROOKLYN,Kings,387.3,89.7,260.3,877.1,1227.1,3.2,0.2
NY,THE PINES AT CATSKILL CENTER FOR NURSING & REHAB,CATSKILL,Greene,133.7,55.6,112.2,276.9,444.7,3.3,0.4
NY,THE PINES AT GLENS FALLS CTR FOR NURSING & REHAB,GLENS FALLS,Warren,114.0,66.4,108.2,231.6,406.1,3.6,0.6
NY,THE PINES AT POUGHKEEPSIE CTR FOR NURSING & REHAB,POUGHKEEPSIE,Dutchess,167.5,79.1,174.1,380.3,633.6,3.8,0.5
NY,THE PINES AT UTICA CENTER FOR NURSING AND REHAB,UTICA,Oneida,109.1,45.0,103.8,225.7,374.5,3.4,0.4
NY,THE PINES HEALTHCARE & REHAB CENTERS OLEAN CAMPUS,OLEAN,Cattaraugus,113.6,41.5,104.5,273.4,419.4,3.7,0.4
NY,THE PINES HEALTHCARE & REHAB CTRS MACHIAS CAMPUS,MACHIAS,Cattaraugus,112.8,44.9,119.5,284.3,448.6,4.0,0.4
NY,THE PLAZA REHAB AND NURSING CENTER,BRONX,Bronx,710.7,162.2,433.0,1356.8,1952.0,2.7,0.2
NY,THE RIVERSIDE,NEW YORK,New York,508.0,91.7,356.0,1055.1,1502.8,3.0,0.2
NY,"THE SHORE WINDS, L L C",ROCHESTER,Monroe,182.2,15.5,205.3,375.4,596.2,3.3,0.1
NY,THE STEVEN AND ALEXANDRA COHEN PED L T C PAVILION,VALHALLA,Westchester,24.4,111.1,0.0,66.8,177.9,7.3,4.5
NY,THE VALLEY VIEW CENTER FOR NURSING CARE AND REHAB,GOSHEN,Orange,337.8,126.6,293.1,806.6,1226.3,3.6,0.4
NY,THE VILLAGES OF ORLEANS HEALTH AND REHAB CENTER,ALBION,Orleans,114.3,12.3,119.4,259.3,391.0,3.4,0.1
NY,THE WARTBURG HOME,MOUNT VERNON,Westchester,200.6,99.0,131.4,518.0,748.4,3.7,0.5
NY,THE WILLOWS AT RAMAPO REHAB AND NURSING CENTER,SUFFERN,Rockland,187.2,44.8,169.6,391.7,606.1,3.2,0.2
NY,THROGS NECK REHABILITATION & NURSING CENTER,BRONX,Bronx,198.4,44.6,119.7,435.1,599.4,3.0,0.2
NY,TOLSTOY FOUNDATION REHABILITATION AND NRSG CENTER,VALLEY COTTAGE,Rockland,88.4,22.7,60.3,172.2,255.2,2.9,0.3
NY,TOWNHOUSE CENTER FOR REHABILITATION & NURSING,UNIONDALE,Nassau,264.7,137.0,185.0,674.7,996.7,3.8,0.5
NY,TRIBORO CENTER FOR REHABILITATION AND NURSING,BRONX,Bronx,397.0,218.9,370.0,929.1,1518.0,3.8,0.6
NY,TROY CENTER FOR REHABILITATION AND NURSING,TROY,Rensselaer,79.9,47.6,76.4,129.7,253.7,3.2,0.6
NY,TRUSTEES OF EASTERN STAR HALL & HOME OF THE N Y S,ORISKANY,Oneida,44.9,0.9,76.6,109.0,186.5,4.2,0.0
NY,UNION PLAZA CARE CENTER,FLUSHING,Queens,266.6,84.3,149.4,539.9,773.6,2.9,0.3
NY,UNITED HEALTH SVS HOSP INC - BINGHAMTON HOSP T C U,BINGHAMTON,Broome,18.5,63.6,0.0,54.8,118.4,6.4,3.4
NY,UNITED HEBREW GERIATRIC CENTER,NEW ROCHELLE,Westchester,282.1,184.1,149.3,755.0,1088.3,3.9,0.7
NY,UNITED HELPERS CANTON NURSING HOME,CANTON,St. Lawrence,92.4,50.4,70.2,268.0,388.6,4.2,0.5
NY,UNITED HELPERS NURSING HOME,OGDENSBURG,St. Lawrence,163.7,94.6,120.2,457.8,672.7,4.1,0.6
NY,UNITY LIVING CENTER,ROCHESTER,Monroe,114.3,35.9,172.4,327.5,535.8,4.7,0.3
NY,UNIVERSITY CENTER FOR REHABILITATION AND NURSING,BRONX,Bronx,44.8,24.3,30.1,86.4,140.8,3.1,0.5
NY,UPPER EAST SIDE REHABILITATION AND NURSING CENTER,NEW YORK,New York,458.3,548.9,20.6,963.2,1532.7,3.3,1.2
NY,UTICA REHABILITATION & NURSING CENTER,UTICA,Oneida,77.4,41.6,73.6,156.6,271.8,3.5,0.5
NY,VALLEY HEALTH SERVICES INC,HERKIMER,Herkimer,147.7,53.7,159.4,251.6,464.7,3.1,0.4
NY,VALLEY VIEW MANOR NURSING HOME,NORWICH,Chenango,84.6,11.2,47.9,121.7,180.8,2.1,0.1
NY,VAN DUYN CENTER FOR REHABILITATION AND NURSING,SYRACUSE,Onondaga,471.3,128.5,440.3,1017.0,1585.8,3.4,0.3
NY,VAN RENSSELAER MANOR,TROY,Rensselaer,355.1,120.7,387.3,665.3,1173.3,3.3,0.3
NY,VERRAZANO NURSING HOME,STATEN ISLAND,Richmond,113.6,27.3,62.3,225.8,315.4,2.8,0.2
NY,VESTAL PARK REHABILITATION AND NURSING CENTER,VESTAL,Broome,155.9,55.0,166.1,330.9,552.0,3.5,0.4
NY,VICTORIA HOME,OSSINING,Westchester,47.1,27.2,14.5,157.7,199.4,4.2,0.6
NY,VILLAGE CARE REHABILITATION AND NURSING CENTER,NEW YORK,New York,95.3,91.5,111.6,296.6,499.7,5.2,1.0
NY,WARREN CENTER FOR REHABILITATION AND NURSING,QUEENSBURY,Warren,75.8,47.1,82.2,164.4,293.6,3.9,0.6
NY,WASHINGTON CENTER FOR REHAB AND HEALTHCARE,ARGYLE,Washington,120.6,44.9,124.0,341.3,510.2,4.2,0.4
NY,WATERS EDGE AT PORT JEFFERSON FOR REHAB AND NRSG,PORT JEFFERSON,Suffolk,112.3,22.4,98.6,206.4,327.4,2.9,0.2
NY,WATERVIEW HILLS REHABILITATION AND NURSING CENTER,PURDY STATION,Westchester,121.5,77.7,72.1,251.7,401.6,3.3,0.6
NY,WATERVIEW NURSING CARE CENTER,FLUSHING,Queens,167.4,30.3,109.5,322.8,462.6,2.8,0.2
NY,WATERVILLE RESIDENTIAL CARE CENTER,WATERVILLE,Oneida,86.3,24.2,75.9,147.1,247.2,2.9,0.3
NY,WAYNE CENTER FOR NURSING & REHABILITATION,BRONX,Bronx,232.8,193.1,96.4,490.9,780.4,3.4,0.8
NY,WAYNE COUNTY NURSING HOME,LYONS,Wayne,182.8,56.7,175.8,452.9,685.4,3.7,0.3
NY,WAYNE HEALTH CARE,NEWARK,Wayne,171.0,73.2,211.0,431.7,715.9,4.2,0.4
NY,WEDGEWOOD NURSING REHABILITATION CENTER,SPENCERPORT,Monroe,18.5,8.7,16.3,55.0,80.0,4.3,0.5
NY,WELLS NURSING HOME INC,JOHNSTOWN,Fulton,86.4,42.4,73.9,206.4,322.7,3.7,0.5
NY,WELLSVILLE MANOR CARE CENTER,WELLSVILLE,Allegany,113.5,2.5,83.3,219.7,305.5,2.7,0.0
NY,WESLEY GARDENS CORPORATION,ROCHESTER,Monroe,132.2,4.9,111.2,352.0,468.1,3.5,0.0
NY,WESLEY HEALTH CARE CENTER INC,SARATOGA SPRINGS,Saratoga,328.7,55.5,278.0,686.5,1020.0,3.1,0.2
NY,"WEST LAWRENCE CARE CENTER, L L C",FAR ROCKAWAY,Queens,189.0,39.0,114.0,297.1,450.1,2.4,0.2
NY,WESTCHESTER CENTER FOR REHABILITATION & NURSING,MOUNT VERNON,Westchester,218.1,74.2,128.0,471.8,674.0,3.1,0.3
NY,WESTERN NEW YORK STATE VETERANS HOME,BATAVIA,Genesee,122.8,31.7,124.7,399.2,555.6,4.5,0.3
NY,WESTHAMPTON CARE CENTER,WESTHAMPTON,Suffolk,170.7,28.9,154.8,348.4,532.1,3.1,0.2
NY,WHITE OAKS REHABILITATION AND NURSING CENTER,WOODBURY,Nassau,189.7,31.8,166.0,451.3,649.1,3.4,0.2
NY,"WHITE PLAINS CENTER FOR NURSING CARE, L L C",WHITE PLAINS,Westchester,82.7,48.9,49.7,178.1,276.6,3.3,0.6
NY,WHITTIER REHAB & SKILLED NURSING CENTER,GHENT,Columbia,112.2,19.2,108.2,233.9,361.3,3.2,0.2
NY,WILKINSON RESIDENTIAL HEALTH CARE FACILITY,AMSTERDAM,Montgomery,146.0,66.0,146.8,328.0,540.8,3.7,0.5
NY,WILLIAMSBRIDGE MANOR FOR REHABILITATION AND NRSG,BRONX,Bronx,72.6,30.2,43.9,166.0,240.1,3.3,0.4
NY,"WILLIAMSVILLE SUBURBAN, L L C",WILLIAMSVILLE,Erie,177.0,49.8,141.5,367.8,559.1,3.2,0.3
NY,WILLOW POINT REHABILITATION AND NURSING CENTER,VESTAL,Broome,289.5,46.0,324.3,565.8,936.1,3.2,0.2
NY,WINDSOR PARK NURSING HOME,QUEENS VILLAGE,Queens,66.9,21.2,39.1,138.1,198.5,3.0,0.3
NY,WINGATE AT BEACON,BEACON,Dutchess,137.9,39.5,130.5,243.2,413.3,3.0,0.3
NY,WINGATE OF DUTCHESS,FISHKILL,Dutchess,137.0,65.7,129.6,267.5,462.7,3.4,0.5
NY,WINGATE OF ULSTER,HIGHLAND,Ulster,97.0,27.4,120.2,186.0,333.6,3.4,0.3
NY,"WOODCREST REHAB & RESIDENTIAL H C CENTER, L L C",FLUSHING,Queens,196.0,94.5,100.4,409.4,604.3,3.1,0.5
NY,WOODHAVEN NURSING HOME,PORT JEFFERSON STATI,Suffolk,124.2,14.1,148.6,241.6,404.4,3.3,0.1
NY,WOODLAND POND AT NEW PALTZ,NEW PALTZ,Ulster,35.8,14.9,70.3,97.0,182.1,5.1,0.4
NY,WOODSIDE MANOR NURSING HOME INC,ROCHESTER,Monroe,38.2,10.6,36.1,82.8,129.4,3.4,0.3
NY,WORKMENS CIRCLE MULTICARE CENTER,BRONX,Bronx,508.9,352.9,83.0,1089.7,1525.6,3.0,0.7
NY,WYOMING COUNTY COMMUNITY HOSPITAL S N F,WARSAW,Wyoming,137.8,48.4,154.4,331.2,534.0,3.9,0.4
NY,YONKERS GARDENS CENTER FOR NURSING AND REHAB,YONKERS,Westchester,149.7,42.3,91.5,287.9,421.7,2.8,0.3
NY,YORKTOWN REHABILITATION & NURSING CENTER,CORTLANDT MANOR,Westchester,120.0,67.3,103.3,290.4,461.0,3.8,0.6
